SOC Code,title,ai_applicability_score
11-1011,Chief Executives,0.155502898114603
11-1021,General and Operations Managers,0.1098432195788855
11-1031,Legislators,0.2689786690737696
11-2011,Advertising and Promotions Managers,0.1885254605728116
11-2021,Marketing Managers,0.189169815798872
11-2022,Sales Managers,0.1641752821433747
11-2032,Public Relations Managers,0.22206799650077
11-2033,Fundraising Managers,0.1430364545172935
11-3012,Administrative Services Managers,0.087051420149971
11-3013,Facilities Managers,0.061712782287566
11-3021,Computer and Information Systems Managers,0.1518935143886481
11-3031,Financial Managers,0.1488033543322555
11-3051,Industrial Production Managers,0.120291104514479
11-3061,Purchasing Managers,0.1054953784861409
11-3071,"Transportation, Storage, and Distribution Managers",0.2052544480218617
11-3111,Compensation and Benefits Managers,0.1413063122763342
11-3121,Human Resources Managers,0.1370417874755325
11-3131,Training and Development Managers,0.1929281337086295
11-9013,"Farmers, Ranchers, and Other Agricultural Managers",0.0760415998206166
11-9021,Construction Managers,0.1450059596749093
11-9031,"Education and Childcare Administrators, Preschool and Daycare",0.1250853144025206
11-9032,"Education Administrators, Kindergarten through Secondary",0.1354808218950337
11-9033,"Education Administrators, Postsecondary",0.0963499956506892
11-9041,Architectural and Engineering Managers,0.1633904362843628
11-9051,Food Service Managers,0.0910198233667274
11-9071,Gambling Managers,0.1853735682141986
11-9072,"Entertainment and Recreation Managers, Except Gambling",0.2533459109310163
11-9081,Lodging Managers,0.18340282980745
11-9111,Medical and Health Services Managers,0.1632890896536952
11-9121,Natural Sciences Managers,0.1124388172316094
11-9131,Postmasters and Mail Superintendents,0.109145181347645
11-9141,"Property, Real Estate, and Community Association Managers",0.1393378763368064
11-9151,Social and Community Service Managers,0.1558151951411868
11-9161,Emergency Management Directors,0.1981796325021372
11-9171,Funeral Home Managers,0.1661957666237465
11-9179,"Personal Service Managers, All Other",0.1462881503266213
11-9199,"Managers, All Other",0.145778869882199
13-1011,"Agents and Business Managers of Artists, Performers, and Athletes",0.2688759857688543
13-1020,Buyers and Purchasing Agents,0.2032694415050668
13-1031,"Claims Adjusters, Examiners, and Investigators",0.2070534121617936
13-1032,"Insurance Appraisers, Auto Damage",0.2717524685827721
13-1041,Compliance Officers,0.1991136866828754
13-1051,Cost Estimators,0.2547360531717686
13-1071,Human Resources Specialists,0.200716339295252
13-1074,Farm Labor Contractors,0.0404971901425207
13-1075,Labor Relations Specialists,0.0672593120023154
13-1081,Logisticians,0.1623173857191718
13-1082,Project Management Specialists,0.1823980418808031
13-1111,Management Analysts,0.3528923037864668
13-1121,"Meeting, Convention, and Event Planners",0.1465079327379848
13-1131,Fundraisers,0.1225011548080756
13-1141,"Compensation, Benefits, and Job Analysis Specialists",0.1671532331445428
13-1151,Training and Development Specialists,0.241747642458221
13-1161,Market Research Analysts and Marketing Specialists,0.3497337016289346
13-1199,"Business Operations Specialists, All Other",0.2185212616558617
13-2011,Accountants and Auditors,0.1945955951093146
13-2020,Property Appraisers and Assessors,0.2288891689487568
13-2031,Budget Analysts,0.2340858486198604
13-2041,Credit Analysts,0.1616323362699462
13-2051,Financial and Investment Analysts,0.2783547531305114
13-2052,Personal Financial Advisors,0.3552253488700088
13-2053,Insurance Underwriters,0.1609551764612808
13-2054,Financial Risk Specialists,0.2411608238909524
13-2061,Financial Examiners,0.139213205327712
13-2071,Credit Counselors,0.2885017178636657
13-2072,Loan Officers,0.2470758453421993
13-2081,"Tax Examiners and Collectors, and Revenue Agents",0.3399250265932537
13-2082,Tax Preparers,0.3116015023266654
13-2099,"Financial Specialists, All Other",0.2458433192127292
15-1211,Computer Systems Analysts,0.3126242495751441
15-1212,Information Security Analysts,0.2219611271797774
15-1221,Computer and Information Research Scientists,0.1692589723694258
15-1231,Computer Network Support Specialists,0.3021365326556254
15-1232,Computer User Support Specialists,0.3338895909418416
15-1241,Computer Network Architects,0.2519702133697844
15-1242,Database Administrators,0.2973959596735356
15-1243,Database Architects,0.3119656545554473
15-1244,Network and Computer Systems Administrators,0.2525255513865505
15-1251,Computer Programmers,0.3100317881564861
15-1252,Software Developers,0.2781568192011152
15-1253,Software Quality Assurance Analysts and Testers,0.3277339225342325
15-1254,Web Developers,0.3531275801205572
15-1255,Web and Digital Interface Designers,0.2940247387286297
15-1299,"Computer Occupations, All Other",0.2977858491030317
15-2011,Actuaries,0.1581477988708334
15-2021,Mathematicians,0.3861702756791553
15-2031,Operations Research Analysts,0.3074955646855726
15-2041,Statisticians,0.3150171176175566
15-2051,Data Scientists,0.3571632760219043
15-2099,"Mathematical Science Occupations, All Other",0.3358430178265916
17-1011,"Architects, Except Landscape and Naval",0.1749167204278361
17-1012,Landscape Architects,0.2184226276770571
17-1021,Cartographers and Photogrammetrists,0.1761280646528152
17-1022,Surveyors,0.1494764065063448
17-2011,Aerospace Engineers,0.1955306356404219
17-2021,Agricultural Engineers,0.1527920619424727
17-2031,Bioengineers and Biomedical Engineers,0.2982329801834177
17-2041,Chemical Engineers,0.1718972538907844
17-2051,Civil Engineers,0.2053823863919811
17-2061,Computer Hardware Engineers,0.3147974661693407
17-2071,Electrical Engineers,0.1101683401095347
17-2072,"Electronics Engineers, Except Computer",0.273936294540746
17-2081,Environmental Engineers,0.2082842689802057
17-2111,"Health and Safety Engineers, Except Mining Safety Engineers and Inspectors",0.2398232764644405
17-2112,Industrial Engineers,0.2532982187319553
17-2121,Marine Engineers and Naval Architects,0.1999323115568476
17-2131,Materials Engineers,0.1794321348157053
17-2141,Mechanical Engineers,0.2572665021650294
17-2151,"Mining and Geological Engineers, Including Mining Safety Engineers",0.2250167008010288
17-2161,Nuclear Engineers,0.2094834120659253
17-2171,Petroleum Engineers,0.2003085701939542
17-2199,"Engineers, All Other",0.2112771065743973
17-3011,Architectural and Civil Drafters,0.2220527138174632
17-3012,Electrical and Electronics Drafters,0.3084121121295002
17-3013,Mechanical Drafters,0.1728369642039824
17-3021,Aerospace Engineering and Operations Technologists and Technicians,0.2278043882150891
17-3022,Civil Engineering Technologists and Technicians,0.1994199273749053
17-3023,Electrical and Electronic Engineering Technologists and Technicians,0.2028011946138097
17-3024,Electro-Mechanical and Mechatronics Technologists and Technicians,0.168215479624192
17-3025,Environmental Engineering Technologists and Technicians,0.1801749677294792
17-3026,Industrial Engineering Technologists and Technicians,0.1735836614814662
17-3027,Mechanical Engineering Technologists and Technicians,0.2250875108431268
17-3028,Calibration Technologists and Technicians,0.262448180846388
17-3029,"Engineering Technologists and Technicians, Except Drafters, All Other",0.2041905272004177
17-3031,Surveying and Mapping Technicians,0.2176363967947537
19-1011,Animal Scientists,0.2619530527740787
19-1012,Food Scientists and Technologists,0.2590045143638015
19-1013,Soil and Plant Scientists,0.1821411092923175
19-1021,Biochemists and Biophysicists,0.2514789498016125
19-1022,Microbiologists,0.1765288942157244
19-1023,Zoologists and Wildlife Biologists,0.2120415547333891
19-1029,"Biological Scientists, All Other",0.2403715887208747
19-1031,Conservation Scientists,0.1552662748966702
19-1032,Foresters,0.0696332015213444
19-1041,Epidemiologists,0.1770902032972764
19-1042,"Medical Scientists, Except Epidemiologists",0.1923521401204992
19-2011,Astronomers,0.2810275603968572
19-2012,Physicists,0.2345505725076676
19-2021,Atmospheric and Space Scientists,0.3214338446559302
19-2031,Chemists,0.2375148330185006
19-2032,Materials Scientists,0.2454798898238364
19-2041,"Environmental Scientists and Specialists, Including Health",0.1719299715793221
19-2042,"Geoscientists, Except Hydrologists and Geographers",0.1737381990136186
19-2043,Hydrologists,0.180480111948228
19-2099,"Physical Scientists, All Other",0.1699525234715482
19-3011,Economists,0.3277389094051159
19-3022,Survey Researchers,0.131145421970983
19-3032,Industrial-Organizational Psychologists,0.2574277995504501
19-3033,Clinical and Counseling Psychologists,0.2113936548970953
19-3034,School Psychologists,0.2227325440563945
19-3039,"Psychologists, All Other",0.1943893168862805
19-3041,Sociologists,0.2862931919168603
19-3051,Urban and Regional Planners,0.3298075491547521
19-3091,Anthropologists and Archeologists,0.1981721201395909
19-3092,Geographers,0.3524044287682956
19-3093,Historians,0.4621263354351804
19-3094,Political Scientists,0.3910323240387942
19-3099,"Social Scientists and Related Workers, All Other",0.3293075794929735
19-4012,Agricultural Technicians,0.1274189339536194
19-4013,Food Science Technicians,0.0931044376130429
19-4021,Biological Technicians,0.091298716107831
19-4031,Chemical Technicians,0.1397871985751076
19-4042,"Environmental Science and Protection Technicians, Including Health",0.1541341635503119
19-4043,"Geological Technicians, Except Hydrologic Technicians",0.1266905853753022
19-4044,Hydrologic Technicians,0.234224058926644
19-4051,Nuclear Technicians,0.1508247105425261
19-4061,Social Science Research Assistants,0.2043513220531972
19-4071,Forest and Conservation Technicians,0.0316877713723587
19-4092,Forensic Science Technicians,0.1811997493555561
19-4099,"Life, Physical, and Social Science Technicians, All Other",0.1635339340419852
19-5011,Occupational Health and Safety Specialists,0.1459572147223505
19-5012,Occupational Health and Safety Technicians,0.0988717854820621
21-1012,"Educational, Guidance, and Career Counselors and Advisors",0.3250921100448616
21-1013,Marriage and Family Therapists,0.2307794681928614
21-1015,Rehabilitation Counselors,0.2322941019139237
21-1018,"Substance Abuse, Behavioral Disorder, and Mental Health Counselors",0.1797021348661812
21-1021,"Child, Family, and School Social Workers",0.333667807079663
21-1022,Healthcare Social Workers,0.1887338676680111
21-1023,Mental Health and Substance Abuse Social Workers,0.1456733222083868
21-1091,Health Education Specialists,0.1659842481483709
21-1092,Probation Officers and Correctional Treatment Specialists,0.288475143716106
21-1093,Social and Human Service Assistants,0.2554444336226663
21-1094,Community Health Workers,0.2967326836058023
21-2011,Clergy,0.2799707541904029
21-2021,"Directors, Religious Activities and Education",0.2183334679855503
23-1011,Lawyers,0.1802546459451798
23-1012,Judicial Law Clerks,0.0738564995251544
23-1021,"Administrative Law Judges, Adjudicators, and Hearing Officers",0.1404858462431817
23-1022,"Arbitrators, Mediators, and Conciliators",0.1115926302329555
23-1023,"Judges, Magistrate Judges, and Magistrates",0.0763290633174109
23-2011,Paralegals and Legal Assistants,0.0571226791211703
23-2093,"Title Examiners, Abstractors, and Searchers",0.0674106197208489
25-1011,"Business Teachers, Postsecondary",0.3670116640285393
25-1021,"Computer Science Teachers, Postsecondary",0.3302953145053312
25-1022,"Mathematical Science Teachers, Postsecondary",0.2964077976368882
25-1031,"Architecture Teachers, Postsecondary",0.3287433475625998
25-1032,"Engineering Teachers, Postsecondary",0.3309591695489919
25-1041,"Agricultural Sciences Teachers, Postsecondary",0.3307079138803792
25-1042,"Biological Science Teachers, Postsecondary",0.2669757716127077
25-1043,"Forestry and Conservation Science Teachers, Postsecondary",0.3234309373558784
25-1051,"Atmospheric, Earth, Marine, and Space Sciences Teachers, Postsecondary",0.2970806826079192
25-1052,"Chemistry Teachers, Postsecondary",0.2498892436038045
25-1053,"Environmental Science Teachers, Postsecondary",0.3051986959733845
25-1054,"Physics Teachers, Postsecondary",0.3062445114667975
25-1061,"Anthropology and Archeology Teachers, Postsecondary",0.3233716944436661
25-1062,"Area, Ethnic, and Cultural Studies Teachers, Postsecondary",0.3313190806789059
25-1063,"Economics Teachers, Postsecondary",0.3490992432037861
25-1064,"Geography Teachers, Postsecondary",0.3215928897483308
25-1065,"Political Science Teachers, Postsecondary",0.3393778051760122
25-1066,"Psychology Teachers, Postsecondary",0.3097842042208806
25-1067,"Sociology Teachers, Postsecondary",0.3270457233546691
25-1071,"Health Specialties Teachers, Postsecondary",0.3148217474973832
25-1072,"Nursing Instructors and Teachers, Postsecondary",0.296143740655948
25-1081,"Education Teachers, Postsecondary",0.3297197587906338
25-1082,"Library Science Teachers, Postsecondary",0.3408541762308504
25-1111,"Criminal Justice and Law Enforcement Teachers, Postsecondary",0.3337128843085055
25-1112,"Law Teachers, Postsecondary",0.325553108575961
25-1113,"Social Work Teachers, Postsecondary",0.3257343802084443
25-1121,"Art, Drama, and Music Teachers, Postsecondary",0.3251805121202225
25-1122,"Communications Teachers, Postsecondary",0.3171642565607058
25-1123,"English Language and Literature Teachers, Postsecondary",0.3304457925328315
25-1124,"Foreign Language and Literature Teachers, Postsecondary",0.3334252112561148
25-1125,"History Teachers, Postsecondary",0.3323866705227311
25-1126,"Philosophy and Religion Teachers, Postsecondary",0.3382012154426334
25-1192,"Family and Consumer Sciences Teachers, Postsecondary",0.3218966482964592
25-1193,"Recreation and Fitness Studies Teachers, Postsecondary",0.322142668485851
25-1194,"Career/Technical Education Teachers, Postsecondary",0.1863315606152506
25-2011,"Preschool Teachers, Except Special Education",0.1588004303609343
25-2012,"Kindergarten Teachers, Except Special Education",0.1987051961706306
25-2021,"Elementary School Teachers, Except Special Education",0.1887956769334502
25-2022,"Middle School Teachers, Except Special and Career/Technical Education",0.1766463700064311
25-2023,"Career/Technical Education Teachers, Middle School",0.179955978495696
25-2031,"Secondary School Teachers, Except Special and Career/Technical Education",0.1763900570139484
25-2032,"Career/Technical Education Teachers, Secondary School",0.1802530046933172
25-2051,"Special Education Teachers, Preschool",0.1726399482829425
25-2052,"Special Education Teachers, Kindergarten and Elementary School",0.1684543405306405
25-2057,"Special Education Teachers, Middle School",0.1665787511103967
25-2058,"Special Education Teachers, Secondary School",0.1982418411087659
25-2059,"Special Education Teachers, All Other",0.1945860749198728
25-3011,"Adult Basic Education, Adult Secondary Education, and English as a Second Language Instructors",0.1704823680824817
25-3021,Self-Enrichment Teachers,0.2048326904141578
25-3031,"Substitute Teachers, Short-Term",0.2290971387580143
25-3041,Tutors,0.2916389768735238
25-4011,Archivists,0.2759823519997492
25-4012,Curators,0.2480534556113144
25-4013,Museum Technicians and Conservators,0.1925996161524171
25-4022,Librarians and Media Collections Specialists,0.2542992331996265
25-4031,Library Technicians,0.2560661085136595
25-9021,Farm and Home Management Educators,0.3244137233984866
25-9031,Instructional Coordinators,0.3137530525869644
25-9044,"Teaching Assistants, Postsecondary",0.2147514578520986
25-9045,"Teaching Assistants, Except Postsecondary",0.1689774373221238
27-1011,Art Directors,0.2428190160732439
27-1012,Craft Artists,0.1980417886036153
27-1013,"Fine Artists, Including Painters, Sculptors, and Illustrators",0.1826591340845306
27-1014,Special Effects Artists and Animators,0.1313807166198247
27-1021,Commercial and Industrial Designers,0.2089608945352287
27-1022,Fashion Designers,0.2709395823849275
27-1023,Floral Designers,0.1701865623370429
27-1024,Graphic Designers,0.2282001473941018
27-1025,Interior Designers,0.2066579487388623
27-1026,Merchandise Displayers and Window Trimmers,0.1689491875754182
27-1027,Set and Exhibit Designers,0.2402709112473996
27-2011,Actors,0.1308745576876522
27-2012,Producers and Directors,0.1673518655593104
27-2021,Athletes and Sports Competitors,0.2217035194562356
27-2022,Coaches and Scouts,0.1694471600495868
27-2023,"Umpires, Referees, and Other Sports Officials",0.0870710452495893
27-2031,Dancers,0.0884099669292513
27-2032,Choreographers,0.1573667369593798
27-2041,Music Directors and Composers,0.1365966167965151
27-2042,Musicians and Singers,0.0849620830805815
27-2091,"Disc Jockeys, Except Radio",0.2525459106795057
27-3011,Broadcast Announcers and Radio Disc Jockeys,0.4092803575369506
27-3023,"News Analysts, Reporters, and Journalists",0.3826814614615561
27-3031,Public Relations Specialists,0.3652853004130527
27-3041,Editors,0.3674755296093486
27-3042,Technical Writers,0.3729769869991587
27-3043,Writers and Authors,0.4543481790911307
27-3091,Interpreters and Translators,0.4921989654086071
27-3092,Court Reporters and Simultaneous Captioners,0.2022046764211565
27-4011,Audio and Video Technicians,0.1719186796565603
27-4012,Broadcast Technicians,0.1402298407132763
27-4014,Sound Engineering Technicians,0.0723809728818108
27-4015,Lighting Technicians,0.2071192447089028
27-4021,Photographers,0.2462594665201454
27-4031,"Camera Operators, Television, Video, and Film",0.2049616402593088
27-4032,Film and Video Editors,0.1157719194785119
29-1011,Chiropractors,0.1112686242547227
29-1021,"Dentists, General",0.0456220503390534
29-1022,Oral and Maxillofacial Surgeons,0.0260618893069441
29-1023,Orthodontists,0.1794847679226294
29-1024,Prosthodontists,0.0151204449508008
29-1031,Dietitians and Nutritionists,0.2212822553688573
29-1041,Optometrists,0.0663425571139364
29-1051,Pharmacists,0.2783170865260939
29-1071,Physician Assistants,0.0510917663480985
29-1081,Podiatrists,0.1440694525880412
29-1122,Occupational Therapists,0.1062921781247961
29-1123,Physical Therapists,0.1722295163221381
29-1124,Radiation Therapists,0.0879663415032409
29-1125,Recreational Therapists,0.0652482413518161
29-1126,Respiratory Therapists,0.0544069346482636
29-1127,Speech-Language Pathologists,0.1379024367241895
29-1128,Exercise Physiologists,0.1227380581592757
29-1129,"Therapists, All Other",0.0969444301420626
29-1131,Veterinarians,0.1554157827156154
29-1141,Registered Nurses,0.1217848879879193
29-1151,Nurse Anesthetists,0.0751282866987558
29-1161,Nurse Midwives,0.1252282718771852
29-1171,Nurse Practitioners,0.1426939133666566
29-1181,Audiologists,0.1486045121320545
29-1211,Anesthesiologists,0.0363665957841402
29-1212,Cardiologists,0.1378106161797468
29-1213,Dermatologists,0.113449798018526
29-1214,Emergency Medicine Physicians,0.0766430563615361
29-1215,Family Medicine Physicians,0.165352739021983
29-1216,General Internal Medicine Physicians,0.1628626434672361
29-1217,Neurologists,0.1286642336585428
29-1218,Obstetricians and Gynecologists,0.1561006783558151
29-1221,"Pediatricians, General",0.1449088236855398
29-1222,"Physicians, Pathologists",0.1235263245454821
29-1223,Psychiatrists,0.1668002625513496
29-1224,Radiologists,0.1415794642149896
29-1229,"Physicians, All Other",0.1128071233148566
29-1241,"Ophthalmologists, Except Pediatric",0.0884228450918208
29-1242,"Orthopedic Surgeons, Except Pediatric",0.0844951000522127
29-1243,Pediatric Surgeons,0.1145011399492643
29-1291,Acupuncturists,0.055361517286983
29-1292,Dental Hygienists,0.0574836696575682
29-1299,"Healthcare Diagnosing or Treating Practitioners, All Other",0.1335644121866513
29-2010,Clinical Laboratory Technologists and Technicians,0.1135029317384686
29-2031,Cardiovascular Technologists and Technicians,0.089016734039033
29-2032,Diagnostic Medical Sonographers,0.0748058408340331
29-2033,Nuclear Medicine Technologists,0.087133475008051
29-2034,Radiologic Technologists and Technicians,0.103396477620889
29-2035,Magnetic Resonance Imaging Technologists,0.078909161718175
29-2036,Medical Dosimetrists,0.1640258450711516
29-2042,Emergency Medical Technicians,0.0780020066406476
29-2043,Paramedics,0.0770269808454266
29-2051,Dietetic Technicians,0.1247503803827002
29-2052,Pharmacy Technicians,0.1927314430395932
29-2053,Psychiatric Technicians,0.0623078443703132
29-2055,Surgical Technologists,0.0293140663787733
29-2056,Veterinary Technologists and Technicians,0.0701948051305758
29-2057,Ophthalmic Medical Technicians,0.0070841708786574
29-2061,Licensed Practical and Licensed Vocational Nurses,0.0341220110084765
29-2072,Medical Records Specialists,0.2643757645513983
29-2081,"Opticians, Dispensing",0.1360739884386869
29-2091,Orthotists and Prosthetists,0.0507217166893116
29-2092,Hearing Aid Specialists,0.0953835250673851
29-2099,"Health Technologists and Technicians, All Other",0.0965478860317066
29-9021,Health Information Technologists and Medical Registrars,0.3068721759277703
29-9091,Athletic Trainers,0.1106822055571351
29-9092,Genetic Counselors,0.3112487327282943
29-9093,Surgical Assistants,0.0117987049728772
29-9099,"Healthcare Practitioners and Technical Workers, All Other",0.1394692388633905
31-1120,Home Health and Personal Care Aides,0.0508476592886212
31-1131,Nursing Assistants,0.0286584578634155
31-1132,Orderlies,0.0
31-1133,Psychiatric Aides,0.0675923872270869
31-2011,Occupational Therapy Assistants,0.0863872331542789
31-2012,Occupational Therapy Aides,0.0463403751626936
31-2021,Physical Therapist Assistants,0.0435891406733917
31-2022,Physical Therapist Aides,0.0376243689544937
31-9011,Massage Therapists,0.0118943161548162
31-9091,Dental Assistants,0.0553854108929098
31-9092,Medical Assistants,0.0693668425309035
31-9093,Medical Equipment Preparers,0.0210473584131197
31-9094,Medical Transcriptionists,0.08437182388197
31-9095,Pharmacy Aides,0.0890014480956678
31-9096,Veterinary Assistants and Laboratory Animal Caretakers,0.0344974365356819
31-9097,Phlebotomists,0.0222731761193863
31-9099,"Healthcare Support Workers, All Other",0.053861656343154
33-1011,First-Line Supervisors of Correctional Officers,0.1237531457636563
33-1012,First-Line Supervisors of Police and Detectives,0.0826879736536491
33-1021,First-Line Supervisors of Firefighting and Prevention Workers,0.0088147341874383
33-1091,First-Line Supervisors of Security Workers,0.0838811712986322
33-2011,Firefighters,0.0704000620729872
33-2021,Fire Inspectors and Investigators,0.1128806631010913
33-2022,Forest Fire Inspectors and Prevention Specialists,0.0487207059837508
33-3011,Bailiffs,0.2091533830588072
33-3012,Correctional Officers and Jailers,0.1077570256669502
33-3021,Detectives and Criminal Investigators,0.1454797876304932
33-3031,Fish and Game Wardens,0.1251313253445598
33-3041,Parking Enforcement Workers,0.1531256945525484
33-3051,Police and Sheriff's Patrol Officers,0.1434087606474466
33-3052,Transit and Railroad Police,0.0855407152465839
33-9011,Animal Control Workers,0.2034714370385781
33-9021,Private Detectives and Investigators,0.1718569559844421
33-9031,Gambling Surveillance Officers and Gambling Investigators,0.1564933370741734
33-9032,Security Guards,0.1390132209328652
33-9091,Crossing Guards and Flaggers,0.1887432964779515
33-9092,"Lifeguards, Ski Patrol, and Other Recreational Protective Service Workers",0.0336163494346046
33-9093,Transportation Security Screeners,0.2114124464404239
33-9094,School Bus Monitors,0.274684391176449
33-9099,"Protective Service Workers, All Other",0.0505188781623748
35-1011,Chefs and Head Cooks,0.1512295711047082
35-1012,First-Line Supervisors of Food Preparation and Serving Workers,0.1166910255111823
35-2011,"Cooks, Fast Food",0.191127576141082
35-2012,"Cooks, Institution and Cafeteria",0.0720416094465652
35-2013,"Cooks, Private Household",0.26035524768488
35-2014,"Cooks, Restaurant",0.1724963430982846
35-2015,"Cooks, Short Order",0.1418831816531557
35-2021,Food Preparation Workers,0.136828593947226
35-3011,Bartenders,0.1783491644247739
35-3023,Fast Food and Counter Workers,0.1637873445307487
35-3031,Waiters and Waitresses,0.2610670032140441
35-3041,"Food Servers, Nonrestaurant",0.1174229918560331
35-9011,Dining Room and Cafeteria Attendants and Bartender Helpers,0.0611606150817207
35-9021,Dishwashers,0.0175904877428979
35-9031,"Hosts and Hostesses, Restaurant, Lounge, and Coffee Shop",0.3049908903590614
37-1011,First-Line Supervisors of Housekeeping and Janitorial Workers,0.1581050184879343
37-1012,"First-Line Supervisors of Landscaping, Lawn Service, and Groundskeeping Workers",0.1143346725115156
37-2011,"Janitors and Cleaners, Except Maids and Housekeeping Cleaners",0.1075530727664869
37-2012,Maids and Housekeeping Cleaners,0.0081162949815227
37-2021,Pest Control Workers,0.1151605469666609
37-3011,Landscaping and Groundskeeping Workers,0.0427478188261251
37-3012,"Pesticide Handlers, Sprayers, and Applicators, Vegetation",0.0821003836950488
37-3013,Tree Trimmers and Pruners,0.0300778376852511
39-1013,First-Line Supervisors of Gambling Services Workers,0.2595399249835038
39-1014,"First-Line Supervisors of Entertainment and Recreation Workers, Except Gambling Services",0.2513820123807927
39-1022,First-Line Supervisors of Personal Service Workers,0.2908214437001996
39-2011,Animal Trainers,0.0576717174456
39-2021,Animal Caretakers,0.2493175530767327
39-3011,Gambling Dealers,0.2852187339282571
39-3012,Gambling and Sports Book Writers and Runners,0.2486500447361888
39-3021,Motion Picture Projectionists,0.0520934368013022
39-3031,"Ushers, Lobby Attendants, and Ticket Takers",0.2210650756750041
39-3091,Amusement and Recreation Attendants,0.2874185553152174
39-3092,Costume Attendants,0.1003453439790061
39-3093,"Locker Room, Coatroom, and Dressing Room Attendants",0.1805889563685232
39-4011,Embalmers,0.0258295435404326
39-4012,Crematory Operators,0.1274743509105429
39-4021,Funeral Attendants,0.1811041006027866
39-4031,"Morticians, Undertakers, and Funeral Arrangers",0.10979646883354
39-5011,Barbers,0.0947994129225134
39-5012,"Hairdressers, Hairstylists, and Cosmetologists",0.0687210026565351
39-5091,"Makeup Artists, Theatrical and Performance",0.1329749910361909
39-5092,Manicurists and Pedicurists,0.0372469505461381
39-5093,Shampooers,0.091749238926348
39-5094,Skincare Specialists,0.0835372854761959
39-6011,Baggage Porters and Bellhops,0.1955974972580194
39-6012,Concierges,0.3719693167084712
39-7010,Tour and Travel Guides,0.3160213685801022
39-9011,Childcare Workers,0.1603879086287594
39-9031,Exercise Trainers and Group Fitness Instructors,0.1153807119660138
39-9032,Recreation Workers,0.1900778593423698
39-9041,Residential Advisors,0.1441692007967609
41-1011,First-Line Supervisors of Retail Sales Workers,0.1300948369812961
41-1012,First-Line Supervisors of Non-Retail Sales Workers,0.1694501446418543
41-2011,Cashiers,0.2978434241004641
41-2012,Gambling Change Persons and Booth Cashiers,0.1430783629639135
41-2021,Counter and Rental Clerks,0.3437905899053236
41-2022,Parts Salespersons,0.2436937427606356
41-2031,Retail Salespersons,0.2986912070385346
41-3011,Advertising Sales Agents,0.3529731324010231
41-3021,Insurance Sales Agents,0.2277630870353979
41-3031,"Securities, Commodities, and Financial Services Sales Agents",0.2318186067338622
41-3041,Travel Agents,0.2369025108689104
41-3091,"Sales Representatives of Services, Except Advertising, Insurance, Financial Services, and Travel",0.4487446030468892
41-4011,"Sales Representatives, Wholesale and Manufacturing, Technical and Scientific Products",0.3134713144823269
41-4012,"Sales Representatives, Wholesale and Manufacturing, Except Technical and Scientific Products",0.3048737548708499
41-9011,Demonstrators and Product Promoters,0.308970799548326
41-9012,Models,0.3374697210128832
41-9021,Real Estate Brokers,0.2494334637491984
41-9022,Real Estate Sales Agents,0.2648488088373686
41-9031,Sales Engineers,0.2969975710894167
41-9041,Telemarketers,0.4044798809856477
41-9091,"Door-to-Door Sales Workers, News and Street Vendors, and Related Workers",0.256586305574647
43-1011,First-Line Supervisors of Office and Administrative Support Workers,0.2454826825805608
43-2011,"Switchboard Operators, Including Answering Service",0.2978716680704528
43-2021,Telephone Operators,0.3421045851367955
43-3011,Bill and Account Collectors,0.2331840213670421
43-3021,Billing and Posting Clerks,0.222905543026863
43-3031,"Bookkeeping, Accounting, and Auditing Clerks",0.2441173301557708
43-3041,Gambling Cage Workers,0.2183030749594358
43-3051,Payroll and Timekeeping Clerks,0.2183186090291358
43-3061,Procurement Clerks,0.2564595585017837
43-3071,Tellers,0.2497612696773038
43-4011,Brokerage Clerks,0.3497407825185754
43-4021,Correspondence Clerks,0.2845523532569407
43-4031,"Court, Municipal, and License Clerks",0.2478915932072988
43-4041,"Credit Authorizers, Checkers, and Clerks",0.1848449246781628
43-4051,Customer Service Representatives,0.4078036834419938
43-4061,"Eligibility Interviewers, Government Programs",0.2832000787809853
43-4071,File Clerks,0.2504578556174716
43-4081,"Hotel, Motel, and Resort Desk Clerks",0.2356340939682361
43-4111,"Interviewers, Except Eligibility and Loan",0.2324415854088372
43-4121,"Library Assistants, Clerical",0.1495354908733903
43-4131,Loan Interviewers and Clerks,0.2830210248927774
43-4141,New Accounts Clerks,0.3056929221798717
43-4151,Order Clerks,0.3206905966634039
43-4161,"Human Resources Assistants, Except Payroll and Timekeeping",0.2170293653980745
43-4171,Receptionists and Information Clerks,0.2405946287282074
43-4181,Reservation and Transportation Ticket Agents and Travel Clerks,0.3312201787699775
43-5011,Cargo and Freight Agents,0.20960369730561
43-5021,Couriers and Messengers,0.1254205354195634
43-5031,Public Safety Telecommunicators,0.3459271759254976
43-5032,"Dispatchers, Except Police, Fire, and Ambulance",0.231692468481951
43-5041,"Meter Readers, Utilities",0.23020085410725
43-5051,Postal Service Clerks,0.2188411333330599
43-5052,Postal Service Mail Carriers,0.1227887693443655
43-5053,"Postal Service Mail Sorters, Processors, and Processing Machine Operators",0.0595078030966365
43-5061,"Production, Planning, and Expediting Clerks",0.2583568563737871
43-5071,"Shipping, Receiving, and Inventory Clerks",0.1838622822759553
43-5111,"Weighers, Measurers, Checkers, and Samplers, Recordkeeping",0.0890664498841473
43-6011,Executive Secretaries and Executive Administrative Assistants,0.2611336180998788
43-6012,Legal Secretaries and Administrative Assistants,0.2068168478932778
43-6013,Medical Secretaries and Administrative Assistants,0.1818902445587373
43-6014,"Secretaries and Administrative Assistants, Except Legal, Medical, and Executive",0.2564808354402743
43-9021,Data Entry Keyers,0.3150328710866901
43-9022,Word Processors and Typists,0.2647822550496732
43-9031,Desktop Publishers,0.3107367491781907
43-9041,Insurance Claims and Policy Processing Clerks,0.3069451231261819
43-9051,"Mail Clerks and Mail Machine Operators, Except Postal Service",0.0833454529303563
43-9061,"Office Clerks, General",0.2418102163460603
43-9071,"Office Machine Operators, Except Computer",0.161707398450312
43-9081,Proofreaders and Copy Markers,0.3690176328235297
43-9111,Statistical Assistants,0.3179885795555285
45-1011,"First-Line Supervisors of Farming, Fishing, and Forestry Workers",0.0547834005321493
45-2011,Agricultural Inspectors,0.089366721512358
45-2021,Animal Breeders,0.1693953450270416
45-2041,"Graders and Sorters, Agricultural Products",0.0385030051640548
45-2091,Agricultural Equipment Operators,0.0805741769200513
45-2092,"Farmworkers and Laborers, Crop, Nursery, and Greenhouse",0.0478482808141578
45-2093,"Farmworkers, Farm, Ranch, and Aquacultural Animals",0.1439467269461806
45-3031,Fishing and hunting workers,0.0646252392117641
45-4011,Forest and Conservation Workers,0.073522542277634
45-4021,Fallers,0.0749191378790531
45-4022,Logging Equipment Operators,0.0052334833105568
45-4023,Log Graders and Scalers,0.0608154278829835
47-1011,First-Line Supervisors of Construction Trades and Extraction Workers,0.1102076510851287
47-2011,Boilermakers,0.0411040562320653
47-2021,Brickmasons and Blockmasons,0.0981067476941885
47-2022,Stonemasons,0.0302597248660019
47-2031,Carpenters,0.0557378988724583
47-2041,Carpet Installers,0.0633189223858154
47-2042,"Floor Layers, Except Carpet, Wood, and Hard Tiles",0.0355703756049972
47-2043,Floor Sanders and Finishers,0.0
47-2044,Tile and Stone Setters,0.0724300003329326
47-2051,Cement Masons and Concrete Finishers,0.0151809925407888
47-2053,Terrazzo Workers and Finishers,0.076829990981922
47-2061,Construction Laborers,0.030072808760993
47-2071,"Paving, Surfacing, and Tamping Equipment Operators",0.0068754346128106
47-2072,Pile Driver Operators,0.0
47-2073,Operating Engineers and Other Construction Equipment Operators,0.0977578752885483
47-2081,Drywall and Ceiling Tile Installers,0.0424729185246052
47-2082,Tapers,0.0501506868205887
47-2111,Electricians,0.1509300712949303
47-2121,Glaziers,0.0530926151156536
47-2131,"Insulation Workers, Floor, Ceiling, and Wall",0.074361569168175
47-2132,"Insulation Workers, Mechanical",0.1395733592351856
47-2141,"Painters, Construction and Maintenance",0.0928565635362791
47-2142,Paperhangers,0.0724892074134199
47-2151,Pipelayers,0.0417239533922352
47-2152,"Plumbers, Pipefitters, and Steamfitters",0.0743170775134675
47-2161,Plasterers and Stucco Masons,0.1002936569803205
47-2171,Reinforcing Iron and Rebar Workers,0.0551098662488256
47-2181,Roofers,0.0091029999034675
47-2211,Sheet Metal Workers,0.0637663639814826
47-2221,Structural Iron and Steel Workers,0.0296513369476341
47-2231,Solar Photovoltaic Installers,0.1601942492538948
47-3011,"Helpers--Brickmasons, Blockmasons, Stonemasons, and Tile and Marble Setters",0.0695473045422786
47-3012,Helpers--Carpenters,0.030190733760135
47-3013,Helpers--Electricians,0.0626998142929469
47-3014,"Helpers--Painters, Paperhangers, Plasterers, and Stucco Masons",0.0272765320013718
47-3015,"Helpers--Pipelayers, Plumbers, Pipefitters, and Steamfitters",0.0603023735181051
47-3016,Helpers--Roofers,0.0103669995630143
47-4011,Construction and Building Inspectors,0.1175029238868945
47-4021,Elevator and Escalator Installers and Repairers,0.0606422258533255
47-4031,Fence Erectors,0.0582609470085303
47-4041,Hazardous Materials Removal Workers,0.0215589836783206
47-4051,Highway Maintenance Workers,0.0213537884039159
47-4061,Rail-Track Laying and Maintenance Equipment Operators,0.0
47-4071,Septic Tank Servicers and Sewer Pipe Cleaners,0.0868161402488554
47-4090,Miscellaneous Construction and Related Workers,0.0834193524661697
47-5011,"Derrick Operators, Oil and Gas",0.0517819721229449
47-5012,"Rotary Drill Operators, Oil and Gas",0.0569925643639539
47-5013,"Service Unit Operators, Oil and Gas",0.0592326977045786
47-5022,"Excavating and Loading Machine and Dragline Operators, Surface Mining",0.0971389749507251
47-5023,"Earth Drillers, Except Oil and Gas",0.0464081484675414
47-5032,"Explosives Workers, Ordnance Handling Experts, and Blasters",0.0338620617628137
47-5041,Continuous Mining Machine Operators,0.0439785378771693
47-5043,"Roof Bolters, Mining",0.049601603671797
47-5044,"Loading and Moving Machine Operators, Underground Mining",0.0480069175043534
47-5051,"Rock Splitters, Quarry",0.0294234126560107
47-5071,"Roustabouts, Oil and Gas",0.0086898877725605
47-5081,Helpers--Extraction Workers,0.0280737132395856
49-1011,"First-Line Supervisors of Mechanics, Installers, and Repairers",0.1261264046016442
49-2011,"Computer, Automated Teller, and Office Machine Repairers",0.1591961875756344
49-2021,"Radio, Cellular, and Tower Equipment Installers and Repairers",0.1186006310431548
49-2022,"Telecommunications Equipment Installers and Repairers, Except Line Installers",0.1803210191711737
49-2091,Avionics Technicians,0.1404533169551093
49-2092,"Electric Motor, Power Tool, and Related Repairers",0.1043498622619843
49-2093,"Electrical and Electronics Installers and Repairers, Transportation Equipment",0.1218519194674649
49-2094,"Electrical and Electronics Repairers, Commercial and Industrial Equipment",0.2062317725349581
49-2095,"Electrical and Electronics Repairers, Powerhouse, Substation, and Relay",0.1685790361708563
49-2096,"Electronic Equipment Installers and Repairers, Motor Vehicles",0.103607585481252
49-2097,Audiovisual Equipment Installers and Repairers,0.1238959719799473
49-2098,Security and Fire Alarm Systems Installers,0.1626399377568037
49-3011,Aircraft Mechanics and Service Technicians,0.0620777671565487
49-3021,Automotive Body and Related Repairers,0.0873416052806276
49-3022,Automotive Glass Installers and Repairers,0.025389244091884
49-3023,Automotive Service Technicians and Mechanics,0.1243194438028391
49-3031,Bus and Truck Mechanics and Diesel Engine Specialists,0.0993443910257489
49-3041,Farm Equipment Mechanics and Service Technicians,0.1193673871557896
49-3042,"Mobile Heavy Equipment Mechanics, Except Engines",0.0772125828540233
49-3043,Rail Car Repairers,0.0432481797165304
49-3051,Motorboat Mechanics and Service Technicians,0.0695927887824085
49-3052,Motorcycle Mechanics,0.0642977776897878
49-3053,Outdoor Power Equipment and Other Small Engine Mechanics,0.0411501367601336
49-3091,Bicycle Repairers,0.1224298084265076
49-3092,Recreational Vehicle Service Technicians,0.1584038591360095
49-3093,Tire Repairers and Changers,0.023415574045479
49-9011,Mechanical Door Repairers,0.0793264543977944
49-9012,"Control and Valve Installers and Repairers, Except Mechanical Door",0.1494856996431093
49-9021,"Heating, Air Conditioning, and Refrigeration Mechanics and Installers",0.1171134378942593
49-9031,Home Appliance Repairers,0.1223776976946009
49-9041,Industrial Machinery Mechanics,0.1035019931775666
49-9043,"Maintenance Workers, Machinery",0.0980567985579017
49-9044,Millwrights,0.0629604741737352
49-9045,"Refractory Materials Repairers, Except Brickmasons",0.0923415387135101
49-9051,Electrical Power-Line Installers and Repairers,0.1116487063262473
49-9052,Telecommunications Line Installers and Repairers,0.1657812360326048
49-9061,Camera and Photographic Equipment Repairers,0.1681267902887618
49-9062,Medical Equipment Repairers,0.1550742703733709
49-9063,Musical Instrument Repairers and Tuners,0.1372495286134321
49-9064,Watch and Clock Repairers,0.0797422108359587
49-9071,"Maintenance and Repair Workers, General",0.0759602799530096
49-9081,Wind Turbine Service Technicians,0.1251333877048295
49-9091,"Coin, Vending, and Amusement Machine Servicers and Repairers",0.0832884709720922
49-9092,Commercial Divers,0.0837265487301684
49-9094,Locksmiths and Safe Repairers,0.0430189768853844
49-9095,Manufactured Building and Mobile Home Installers,0.1211964103826353
49-9096,Riggers,0.1763014878054277
49-9097,Signal and Track Switch Repairers,0.073352771163127
49-9098,"Helpers--Installation, Maintenance, and Repair Workers",0.0625113344294359
49-9099,"Installation, Maintenance, and Repair Workers, All Other",0.1212289764532127
51-1011,First-Line Supervisors of Production and Operating Workers,0.2501944439628881
51-2011,"Aircraft Structure, Surfaces, Rigging, and Systems Assemblers",0.053736284478856
51-2021,"Coil Winders, Tapers, and Finishers",0.0745450301641336
51-2028,"Electrical, Electronic, and Electromechanical Assemblers, Except Coil Winders, Tapers, and Finishers",0.1004800510499763
51-2031,Engine and Other Machine Assemblers,0.1173161501289369
51-2041,Structural Metal Fabricators and Fitters,0.0447834098927545
51-2051,Fiberglass Laminators and Fabricators,0.060885164602415
51-2061,Timing Device Assemblers and Adjusters,0.0290788546654375
51-2090,Miscellaneous Assemblers and Fabricators,0.1147502151568046
51-3011,Bakers,0.0905418484383246
51-3021,Butchers and Meat Cutters,0.1943090249316365
51-3022,"Meat, Poultry, and Fish Cutters and Trimmers",0.1769994252897913
51-3023,Slaughterers and Meat Packers,0.1049120956063185
51-3091,"Food and Tobacco Roasting, Baking, and Drying Machine Operators and Tenders",0.0639286067182724
51-3092,Food Batchmakers,0.0730739883311329
51-3093,Food Cooking Machine Operators and Tenders,0.0926290853267721
51-4021,"Extruding and Drawing Machine Setters, Operators, and Tenders, Metal and Plastic",0.1437561868337876
51-4022,"Forging Machine Setters, Operators, and Tenders, Metal and Plastic",0.1153043803595023
51-4023,"Rolling Machine Setters, Operators, and Tenders, Metal and Plastic",0.1077523643875168
51-4031,"Cutting, Punching, and Press Machine Setters, Operators, and Tenders, Metal and Plastic",0.0809122409292341
51-4032,"Drilling and Boring Machine Tool Setters, Operators, and Tenders, Metal and Plastic",0.0947754121071271
51-4033,"Grinding, Lapping, Polishing, and Buffing Machine Tool Setters, Operators, and Tenders, Metal and Plastic",0.1045354126406689
51-4034,"Lathe and Turning Machine Tool Setters, Operators, and Tenders, Metal and Plastic",0.1455516700989665
51-4035,"Milling and Planing Machine Setters, Operators, and Tenders, Metal and Plastic",0.1251284759656447
51-4041,Machinists,0.1573086569149279
51-4051,Metal-Refining Furnace Operators and Tenders,0.075052266409245
51-4052,"Pourers and Casters, Metal",0.0635185022616824
51-4061,"Model Makers, Metal and Plastic",0.0683523812367444
51-4062,"Patternmakers, Metal and Plastic",0.1425285005160059
51-4071,Foundry Mold and Coremakers,0.0
51-4072,"Molding, Coremaking, and Casting Machine Setters, Operators, and Tenders, Metal and Plastic",0.0705028252797736
51-4081,"Multiple Machine Tool Setters, Operators, and Tenders, Metal and Plastic",0.1365006681732082
51-4111,Tool and Die Makers,0.0862094989540314
51-4121,"Welders, Cutters, Solderers, and Brazers",0.0748537740759279
51-4122,"Welding, Soldering, and Brazing Machine Setters, Operators, and Tenders",0.0799371684591732
51-4191,"Heat Treating Equipment Setters, Operators, and Tenders, Metal and Plastic",0.1378923801198145
51-4192,"Layout Workers, Metal and Plastic",0.0728719428858215
51-4193,"Plating Machine Setters, Operators, and Tenders, Metal and Plastic",0.0804929527723317
51-4194,"Tool Grinders, Filers, and Sharpeners",0.0963670457067102
51-5111,Prepress Technicians and Workers,0.1331718166569082
51-5112,Printing Press Operators,0.1170484914248518
51-5113,Print Binding and Finishing Workers,0.04164004807566
51-6011,Laundry and Dry-Cleaning Workers,0.0446023861649318
51-6021,"Pressers, Textile, Garment, and Related Materials",0.0542129753975884
51-6031,Sewing Machine Operators,0.0405949773289702
51-6041,Shoe and Leather Workers and Repairers,0.0468752662699412
51-6042,Shoe Machine Operators and Tenders,0.0495696892526997
51-6051,"Sewers, Hand",0.0736939963067293
51-6052,"Tailors, Dressmakers, and Custom Sewers",0.0475597036612008
51-6061,Textile Bleaching and Dyeing Machine Operators and Tenders,0.104445381283524
51-6062,"Textile Cutting Machine Setters, Operators, and Tenders",0.1125743953801398
51-6063,"Textile Knitting and Weaving Machine Setters, Operators, and Tenders",0.0913849075382536
51-6064,"Textile Winding, Twisting, and Drawing Out Machine Setters, Operators, and Tenders",0.0550675573729052
51-6091,"Extruding and Forming Machine Setters, Operators, and Tenders, Synthetic and Glass Fibers",0.0441100937846361
51-6092,Fabric and Apparel Patternmakers,0.0885624554288252
51-6093,Upholsterers,0.0821978463782015
51-7011,Cabinetmakers and Bench Carpenters,0.1168520327351625
51-7021,Furniture Finishers,0.0793473166685727
51-7031,"Model Makers, Wood",0.1383437107790737
51-7032,"Patternmakers, Wood",0.1227163776189196
51-7041,"Sawing Machine Setters, Operators, and Tenders, Wood",0.1089106429782839
51-7042,"Woodworking Machine Setters, Operators, and Tenders, Except Sawing",0.1263206960311226
51-8011,Nuclear Power Reactor Operators,0.0763946100878276
51-8012,Power Distributors and Dispatchers,0.1456665687502266
51-8013,Power Plant Operators,0.0655066316400932
51-8021,Stationary Engineers and Boiler Operators,0.0938093790936059
51-8031,Water and Wastewater Treatment Plant and System Operators,0.0
51-8091,Chemical Plant and System Operators,0.0461334341579944
51-8092,Gas Plant Operators,0.101947740559564
51-8093,"Petroleum Pump System Operators, Refinery Operators, and Gaugers",0.0591465997720528
51-8099,"Plant and System Operators, All Other",0.0263750669989034
51-9011,Chemical Equipment Operators and Tenders,0.0895068932573992
51-9012,"Separating, Filtering, Clarifying, Precipitating, and Still Machine Setters, Operators, and Tenders",0.1028406614003804
51-9021,"Crushing, Grinding, and Polishing Machine Setters, Operators, and Tenders",0.0506905725418171
51-9022,"Grinding and Polishing Workers, Hand",0.0844519184218797
51-9023,"Mixing and Blending Machine Setters, Operators, and Tenders",0.0782478341611135
51-9031,"Cutters and Trimmers, Hand",0.0533873861416691
51-9032,"Cutting and Slicing Machine Setters, Operators, and Tenders",0.0849779085865017
51-9041,"Extruding, Forming, Pressing, and Compacting Machine Setters, Operators, and Tenders",0.0766559013252864
51-9051,"Furnace, Kiln, Oven, Drier, and Kettle Operators and Tenders",0.1215638996421962
51-9061,"Inspectors, Testers, Sorters, Samplers, and Weighers",0.0929881871510724
51-9071,Jewelers and Precious Stone and Metal Workers,0.1134031031726403
51-9081,Dental Laboratory Technicians,0.0401790789498832
51-9082,Medical Appliance Technicians,0.0377700965076204
51-9083,Ophthalmic Laboratory Technicians,0.0619618619337175
51-9111,Packaging and Filling Machine Operators and Tenders,0.0200531293260266
51-9123,"Painting, Coating, and Decorating Workers",0.0871370192211188
51-9124,"Coating, Painting, and Spraying Machine Setters, Operators, and Tenders",0.0511861571509862
51-9141,Semiconductor Processing Technicians,0.0895941235115508
51-9151,Photographic Process Workers and Processing Machine Operators,0.1079238060437965
51-9161,Computer Numerically Controlled Tool Operators,0.2053578059350339
51-9162,Computer Numerically Controlled Tool Programmers,0.4193714904838428
51-9191,Adhesive Bonding Machine Operators and Tenders,0.1161661059952179
51-9192,"Cleaning, Washing, and Metal Pickling Equipment Operators and Tenders",0.0532466493306573
51-9193,Cooling and Freezing Equipment Operators and Tenders,0.1103922277998763
51-9194,Etchers and Engravers,0.0815071659280376
51-9195,"Molders, Shapers, and Casters, Except Metal and Plastic",0.0927155923921388
51-9196,"Paper Goods Machine Setters, Operators, and Tenders",0.0908882572911304
51-9197,Tire Builders,0.011765050502153
51-9198,Helpers--Production Workers,0.0214759054004286
53-1041,Aircraft Cargo Handling Supervisors,0.0775038796559672
53-1047,"First-Line Supervisors of Transportation and Material Moving Workers, Except Aircraft Cargo Handling Supervisors",0.1769788016279571
53-2011,"Airline Pilots, Copilots, and Flight Engineers",0.0994944936467671
53-2012,Commercial Pilots,0.1567735216069628
53-2021,Air Traffic Controllers,0.1708206064957888
53-2022,Airfield Operations Specialists,0.1919735146011439
53-2031,Flight Attendants,0.2386125523145448
53-3011,"Ambulance Drivers and Attendants, Except Emergency Medical Technicians",0.0473310262925413
53-3031,Driver/Sales Workers,0.0698863217475136
53-3032,Heavy and Tractor-Trailer Truck Drivers,0.1379720200611528
53-3033,Light Truck Drivers,0.1191584594877899
53-3051,"Bus Drivers, School",0.142260275237561
53-3052,"Bus Drivers, Transit and Intercity",0.1877153794433428
53-3053,Shuttle Drivers and Chauffeurs,0.1312083536020159
53-3054,Taxi Drivers,0.1602247545843448
53-4011,Locomotive Engineers,0.1110708625919912
53-4013,"Rail Yard Engineers, Dinkey Operators, and Hostlers",0.134607370850805
53-4022,"Railroad Brake, Signal, and Switch Operators and Locomotive Firers",0.0320030202095363
53-4031,Railroad Conductors and Yardmasters,0.1550595367024462
53-4041,Subway and Streetcar Operators,0.1259796479655726
53-5011,Sailors and Marine Oilers,0.0624458328637375
53-5021,"Captains, Mates, and Pilots of Water Vessels",0.1305133654172171
53-5022,Motorboat Operators,0.0029317534993333
53-5031,Ship Engineers,0.0249475337410181
53-6011,Bridge and Lock Tenders,0.0
53-6021,Parking Attendants,0.1374981812549523
53-6031,Automotive and Watercraft Service Attendants,0.0441872051865519
53-6032,Aircraft Service Attendants,0.0781606843264519
53-6041,Traffic Technicians,0.121142827110583
53-6051,Transportation Inspectors,0.1335520410727661
53-6061,Passenger Attendants,0.3761776673002051
53-7011,Conveyor Operators and Tenders,0.0520867528463955
53-7021,Crane and Tower Operators,0.0714135172489954
53-7031,Dredge Operators,0.0
53-7041,Hoist and Winch Operators,0.0682976927063746
53-7051,Industrial Truck and Tractor Operators,0.0130958578810665
53-7061,Cleaners of Vehicles and Equipment,0.0387524681390456
53-7062,"Laborers and Freight, Stock, and Material Movers, Hand",0.0538731657267025
53-7063,Machine Feeders and Offbearers,0.019375993236474
53-7064,"Packers and Packagers, Hand",0.0697238239130596
53-7065,Stockers and Order Fillers,0.1101371351502274
53-7071,Gas Compressor and Gas Pumping Station Operators,0.0099225932425685
53-7072,"Pump Operators, Except Wellhead Pumpers",0.146887196517657
53-7073,Wellhead Pumpers,0.0825313626565368
53-7081,Refuse and Recyclable Material Collectors,0.0352727379604117
53-7121,"Tank Car, Truck, and Ship Loaders",0.0799182452502172
